<?xml version="1.0" encoding="UTF-8"?>
<root>
  <item name="com.yunqu.yqsipcallkit.utils.FileCreator java.io.File creatFile(java.lang.String, java.lang.String, java.lang.String, int, int) 3">
    <annotation name="androidx.annotation.IntDef">
      <val name="value" val="{com.yunqu.yqsipcallkit.utils.FileType.TYPE_NORMAL, com.yunqu.yqsipcallkit.utils.FileType.TYPE_LOG, com.yunqu.yqsipcallkit.utils.FileType.TYPE_DATA}" />
    </annotation>
  </item>
  <item name="com.yunqu.yqsipcallkit.utils.FileType">
    <annotation name="androidx.annotation.IntDef">
      <val name="value" val="{com.yunqu.yqsipcallkit.utils.FileType.TYPE_NORMAL, com.yunqu.yqsipcallkit.utils.FileType.TYPE_LOG, com.yunqu.yqsipcallkit.utils.FileType.TYPE_DATA}" />
    </annotation>
  </item>
</root>

