<?xml version="1.0" encoding="UTF-8"?>
<root>
  <item name="com.yunqu.yqsipcallkit.NetWorkTools.Level">
    <annotation name="androidx.annotation.IntDef">
      <val name="value" val="{com.yunqu.yqsipcallkit.NetWorkTools.Level.YQCallNetworkStateVbad, com.yunqu.yqsipcallkit.NetWorkTools.Level.YQCallNetworkStateBad, com.yunqu.yqsipcallkit.NetWorkTools.Level.YQCallNetworkStatePoor, com.yunqu.yqsipcallkit.NetWorkTools.Level.YQCallNetworkStateGood, com.yunqu.yqsipcallkit.NetWorkTools.Level.YQCallNetworkStateExcellent}" />
    </annotation>
  </item>
  <item name="com.yunqu.yqsipcallkit.NetWorkTools.SignalLevelListener void callNetworkStateChange(float, float, float, int) 3">
    <annotation name="androidx.annotation.IntDef">
      <val name="value" val="{com.yunqu.yqsipcallkit.NetWorkTools.Level.YQCallNetworkStateVbad, com.yunqu.yqsipcallkit.NetWorkTools.Level.YQCallNetworkStateBad, com.yunqu.yqsipcallkit.NetWorkTools.Level.YQCallNetworkStatePoor, com.yunqu.yqsipcallkit.NetWorkTools.Level.YQCallNetworkStateGood, com.yunqu.yqsipcallkit.NetWorkTools.Level.YQCallNetworkStateExcellent}" />
    </annotation>
  </item>
</root>

