<?xml version="1.0" encoding="UTF-8"?>
<root>
  <item name="com.yunqu.yqsipcallkit.entity.CameraType">
    <annotation name="androidx.annotation.IntDef">
      <val name="value" val="{com.yunqu.yqsipcallkit.entity.CameraType.NONE, com.yunqu.yqsipcallkit.entity.CameraType.PREPOSITION, com.yunqu.yqsipcallkit.entity.CameraType.POSTPOSITION}" />
    </annotation>
  </item>
  <item name="com.yunqu.yqsipcallkit.entity.YQConfig cameraType">
    <annotation name="androidx.annotation.IntDef">
      <val name="value" val="{com.yunqu.yqsipcallkit.entity.CameraType.NONE, com.yunqu.yqsipcallkit.entity.CameraType.PREPOSITION, com.yunqu.yqsipcallkit.entity.CameraType.POSTPOSITION}" />
    </annotation>
  </item>
  <item name="com.yunqu.yqsipcallkit.entity.YQConfig logcatLevel">
    <annotation name="androidx.annotation.IntDef">
      <val name="value" val="{com.yunqu.yqsipcallkit.entity.YQLogLevel.NONE, com.yunqu.yqsipcallkit.entity.YQLogLevel.DEBUG, com.yunqu.yqsipcallkit.entity.YQLogLevel.INFO, com.yunqu.yqsipcallkit.entity.YQLogLevel.ERROR, com.yunqu.yqsipcallkit.entity.YQLogLevel.WARNING, com.yunqu.yqsipcallkit.entity.YQLogLevel.TRACE}" />
    </annotation>
  </item>
  <item name="com.yunqu.yqsipcallkit.entity.YQLogLevel">
    <annotation name="androidx.annotation.IntDef">
      <val name="value" val="{com.yunqu.yqsipcallkit.entity.YQLogLevel.NONE, com.yunqu.yqsipcallkit.entity.YQLogLevel.DEBUG, com.yunqu.yqsipcallkit.entity.YQLogLevel.INFO, com.yunqu.yqsipcallkit.entity.YQLogLevel.ERROR, com.yunqu.yqsipcallkit.entity.YQLogLevel.WARNING, com.yunqu.yqsipcallkit.entity.YQLogLevel.TRACE}" />
    </annotation>
  </item>
</root>

